<?xml version="1.0" encoding="UTF-8"?>
<project-private xmlns="http://www.netbeans.org/ns/project-private/1">
    <editor-bookmarks xmlns="http://www.netbeans.org/ns/editor-bookmarks/2" lastBookmarkId="0"/>
    <open-files xmlns="http://www.netbeans.org/ns/projectui-open-files/2">
        <group>
            <file>file:/C:/xampp/htdocs/jafree/includes/js/manageProducts.js</file>
            <file>file:/C:/xampp/htdocs/jafree/includes/manageItem-modal.php</file>
            <file>file:/C:/xampp/htdocs/jafree/phpScripts/productsView.php</file>
            <file>file:/C:/xampp/htdocs/jafree/testCode.php</file>
            <file>file:/C:/xampp/htdocs/jafree/manageItem-view.php</file>
            <file>file:/C:/xampp/htdocs/jafree/phpScripts/manageProduct-add.php</file>
        </group>
    </open-files>
</project-private>
